<?xml version="1.0" encoding="UTF-8"?>
<project-private xmlns="http://www.netbeans.org/ns/project-private/1">
    <editor-bookmarks xmlns="http://www.netbeans.org/ns/editor-bookmarks/2" lastBookmarkId="0"/>
    <open-files xmlns="http://www.netbeans.org/ns/projectui-open-files/2">
        <group>
            <file>file:/C:/Users/anands/Downloads/PHARMACY_MANAGEMENT_SYSTEM_IN_JAVA_USING_NETBEANS_WITH_SOURCE_CODE/Pharmacy%20management%20system/src/business/StoreDirectory.java</file>
            <file>file:/C:/Users/anands/Downloads/PHARMACY_MANAGEMENT_SYSTEM_IN_JAVA_USING_NETBEANS_WITH_SOURCE_CODE/Pharmacy%20management%20system/src/business/Store.java</file>
            <file>file:/C:/Users/anands/Downloads/PHARMACY_MANAGEMENT_SYSTEM_IN_JAVA_USING_NETBEANS_WITH_SOURCE_CODE/Pharmacy%20management%20system/src/user_Interface/MainJFrame.java</file>
        </group>
    </open-files>
</project-private>
